	overhang1	overhang2	PredictedFidelity
1	GTTT	AAAC	3690
2	CTTT	AAAG	3161
3	ATTT	AAAT	2634
4	TGTT	AACA	2751
5	GGTT	AACC	3530
6	CGTT	AACG	3205
7	AGTT	AACT	3253
9	GCTT	AAGC	3643
10	CCTT	AAGG	2875
11	ACTT	AAGT	2248
13	GATT	AATC	2846
14	CATT	AATG	3346
15	AATT	AATT	2556
17	GTGT	ACAC	3400
18	CTGT	ACAG	3359
19	ATGT	ACAT	3050
20	TGGT	ACCA	2980
21	GGGT	ACCC	2999
22	CGGT	ACCG	3617
23	AGGT	ACCT	3152
24	TCGT	ACGA	2134
25	GCGT	ACGC	3045
26	CCGT	ACGG	3076
27	ACGT	ACGT	2424
29	GAGT	ACTC	3038
30	CAGT	ACTG	2246
31	AAGT	ACTT	2248
33	GTCT	AGAC	3511
34	CTCT	AGAG	2811
35	ATCT	AGAT	3284
36	TGCT	AGCA	3295
37	GGCT	AGCC	3536
38	CGCT	AGCG	3066
39	AGCT	AGCT	3472
40	TCCT	AGGA	2616
41	GCCT	AGGC	3277
42	CCCT	AGGG	2302
43	ACCT	AGGT	3152
44	TACT	AGTA	2431
45	GACT	AGTC	3480
46	CACT	AGTG	2776
47	AACT	AGTT	3253
49	GTAT	ATAC	2938
50	CTAT	ATAG	2407
52	TGAT	ATCA	2934
53	GGAT	ATCC	3558
54	CGAT	ATCG	3744
55	AGAT	ATCT	3284
56	TCAT	ATGA	2373
57	GCAT	ATGC	3455
58	CCAT	ATGG	3150
59	ACAT	ATGT	3050
61	GAAT	ATTC	3606
62	CAAT	ATTG	3615
63	AAAT	ATTT	2634
65	GTTG	CAAC	3564
66	CTTG	CAAG	3294
67	ATTG	CAAT	3615
68	TGTG	CACA	3359
69	GGTG	CACC	3236
70	CGTG	CACG	3568
71	AGTG	CACT	2776
72	TCTG	CAGA	2915
73	GCTG	CAGC	3540
74	CCTG	CAGG	3319
75	ACTG	CAGT	2246
76	TATG	CATA	2510
77	GATG	CATC	3493
78	CATG	CATG	3926
79	AATG	CATT	3346
80	TTGG	CCAA	2461
81	GTGG	CCAC	2873
82	CTGG	CCAG	3488
83	ATGG	CCAT	3150
84	TGGG	CCCA	2628
85	GGGG	CCCC	2049
86	CGGG	CCCG	2876
87	AGGG	CCCT	2302
88	TCGG	CCGA	2972
89	GCGG	CCGC	2864
90	CCGG	CCGG	3604
91	ACGG	CCGT	3076
92	TAGG	CCTA	2528
93	GAGG	CCTC	2486
94	CAGG	CCTG	3319
95	AAGG	CCTT	2875
96	TTCG	CGAA	3249
97	GTCG	CGAC	3334
98	CTCG	CGAG	3504
99	ATCG	CGAT	3744
100	TGCG	CGCA	3005
101	GGCG	CGCC	3020
102	CGCG	CGCG	3004
103	AGCG	CGCT	3066
104	TCCG	CGGA	3634
105	GCCG	CGGC	3380
106	CCCG	CGGG	2876
107	ACCG	CGGT	3617
108	TACG	CGTA	3329
109	GACG	CGTC	3436
110	CACG	CGTG	3568
111	AACG	CGTT	3205
113	GTAG	CTAC	2858
114	CTAG	CTAG	2336
115	ATAG	CTAT	2407
116	TGAG	CTCA	3116
117	GGAG	CTCC	2541
118	CGAG	CTCG	3504
119	AGAG	CTCT	2811
120	TCAG	CTGA	3039
121	GCAG	CTGC	3154
122	CCAG	CTGG	3488
123	ACAG	CTGT	3359
124	TAAG	CTTA	2237
125	GAAG	CTTC	3209
126	CAAG	CTTG	3294
127	AAAG	CTTT	3161
128	TTTC	GAAA	2194
129	GTTC	GAAC	3837
130	CTTC	GAAG	3209
131	ATTC	GAAT	3606
132	TGTC	GACA	3409
133	GGTC	GACC	3507
134	CGTC	GACG	3436
135	AGTC	GACT	3480
136	TCTC	GAGA	2557
137	GCTC	GAGC	3531
138	CCTC	GAGG	2486
139	ACTC	GAGT	3038
140	TATC	GATA	2713
141	GATC	GATC	3950
142	CATC	GATG	3493
143	AATC	GATT	2846
144	TTGC	GCAA	2575
145	GTGC	GCAC	3375
146	CTGC	GCAG	3154
147	ATGC	GCAT	3455
148	TGGC	GCCA	3371
149	GGGC	GCCC	2973
150	CGGC	GCCG	3380
151	AGGC	GCCT	3277
152	TCGC	GCGA	2787
153	GCGC	GCGC	2696
154	CCGC	GCGG	2864
155	ACGC	GCGT	3045
156	TAGC	GCTA	2934
157	GAGC	GCTC	3531
158	CAGC	GCTG	3540
159	AAGC	GCTT	3643
160	TTCC	GGAA	2916
161	GTCC	GGAC	3453
162	CTCC	GGAG	2541
163	ATCC	GGAT	3558
164	TGCC	GGCA	2859
165	GGCC	GGCC	3416
166	CGCC	GGCG	3020
167	AGCC	GGCT	3536
168	TCCC	GGGA	2669
169	GCCC	GGGC	2973
170	CCCC	GGGG	2049
171	ACCC	GGGT	2999
172	TACC	GGTA	3210
173	GACC	GGTC	3507
174	CACC	GGTG	3236
175	AACC	GGTT	3530
177	GTAC	GTAC	3424
178	CTAC	GTAG	2858
179	ATAC	GTAT	2938
180	TGAC	GTCA	3119
181	GGAC	GTCC	3453
182	CGAC	GTCG	3334
183	AGAC	GTCT	3511
184	TCAC	GTGA	3279
185	GCAC	GTGC	3375
186	CCAC	GTGG	2873
187	ACAC	GTGT	3400
188	TAAC	GTTA	2820
189	GAAC	GTTC	3837
190	CAAC	GTTG	3564
191	AAAC	GTTT	3690
193	GTTA	TAAC	2820
194	CTTA	TAAG	2237
197	GGTA	TACC	3210
198	CGTA	TACG	3329
199	AGTA	TACT	2431
201	GCTA	TAGC	2934
202	CCTA	TAGG	2528
205	GATA	TATC	2713
206	CATA	TATG	2510
209	GTGA	TCAC	3279
210	CTGA	TCAG	3039
211	ATGA	TCAT	2373
213	GGGA	TCCC	2669
214	CGGA	TCCG	3634
215	AGGA	TCCT	2616
217	GCGA	TCGC	2787
218	CCGA	TCGG	2972
219	ACGA	TCGT	2134
221	GAGA	TCTC	2557
222	CAGA	TCTG	2915
225	GTCA	TGAC	3119
226	CTCA	TGAG	3116
227	ATCA	TGAT	2934
228	TGCA	TGCA	2978
229	GGCA	TGCC	2859
230	CGCA	TGCG	3005
231	AGCA	TGCT	3295
233	GCCA	TGGC	3371
234	CCCA	TGGG	2628
235	ACCA	TGGT	2980
237	GACA	TGTC	3409
238	CACA	TGTG	3359
239	AACA	TGTT	2751
245	GGAA	TTCC	2916
246	CGAA	TTCG	3249
249	GCAA	TTGC	2575
250	CCAA	TTGG	2461
253	GAAA	TTTC	2194